{"cameraMode":{"drawMode":0,"name":"Shaded","section":"Shading Mode"},"sceneLighting":true,"audioPlay":false,"sceneViewState":{"m_AlwaysRefresh":false,"showFog":true,"showSkybox":true,"showFlares":true,"showImageEffects":true,"showParticleSystems":true,"showVisualEffectGraphs":true,"m_FxEnabled":true},"in2DMode":false,"pivot":{"x":0.04609820246696472,"y":0.18375512957572938,"z":0.08497044444084168},"rotation":{"x":-0.28616976737976076,"y":-0.1959856152534485,"z":0.05992088466882706,"w":-0.9360080361366272},"size":0.2754330337047577,"orthographic":true}